Artist,Track,User,Rating,Time
40,179,47994,9,17
9,23,8575,58,7
46,168,45475,13,16
11,153,39508,42,15
14,32,11565,54,19
31,79,27130,37,11
21,48,19623,69,21
2,174,47505,28,17
12,34,15290,12,8
28,73,24151,70,22
0,151,40578,32,15
2,68,24681,38,22
33,85,26346,20,11
16,135,35096,33,12
22,129,32782,32,0
15,33,11451,5,19
46,166,44660,31,16
31,80,25922,10,11
26,63,23953,18,22
3,10,4515,48,18
9,23,6078,33,7
39,106,32078,46,23
41,156,42274,54,16
0,0,1205,57,6
44,162,41883,32,16
47,171,46134,3,4
22,112,32463,70,0
30,78,24886,42,22
34,86,28123,28,23
35,89,28264,7,23
21,49,19042,39,21
37,98,31485,56,23
10,143,35459,53,12
14,95,29555,17,23
10,143,34101,10,12
28,72,22725,48,22
40,176,50886,49,17
44,162,42644,47,16
2,174,50233,10,17
6,14,6314,14,7
4,11,37978,52,13
21,60,21356,22,22
21,51,19715,43,21
26,67,23470,29,22
46,168,43454,25,16
27,71,23298,4,22
6,16,5993,30,7
39,104,32155,92,23
49,182,48762,92,17
4,12,4447,51,18
16,136,35040,20,12
26,66,24066,36,22
9,23,8588,45,7
22,125,33184,48,0
0,2,734,32,6
21,60,21680,44,22
22,55,20531,69,21
46,168,44297,18,16
2,175,49461,49,17
21,49,20003,28,21
41,156,41286,4,16
0,150,39766,49,15
30,76,21950,30,22
16,137,35090,36,12
10,25,7954,48,7
15,42,16967,11,9
22,128,32495,14,0
48,172,48405,9,17
2,175,49325,50,17
20,44,19113,44,21
20,45,18533,33,21
1,4,2691,19,18
35,90,29841,50,23
21,50,19617,40,21
21,51,19442,50,21
0,1,38626,90,15
23,57,20789,27,21
29,75,24697,62,22
6,14,6388,7,7
30,77,24620,39,22
11,153,39802,13,15
1,4,1837,25,18
31,79,27432,30,11
2,70,24881,39,22
11,154,39564,42,15
45,164,44680,55,16
28,72,23931,51,22
4,11,5427,89,18
36,93,31509,29,23
26,65,22355,49,22
6,16,6944,49,7
2,7,3802,51,18
47,170,45871,50,4
16,134,33822,32,12
21,48,20149,51,21
40,180,50441,43,17
46,168,43609,46,16
37,101,31316,2,23
20,44,17662,50,21
22,55,32776,30,0
10,145,35913,51,12
11,28,7677,12,7
22,127,32219,8,0
40,146,36202,29,13
42,157,41362,28,16
22,130,32280,14,0
44,162,42371,10,16
45,163,44193,82,16
26,63,23492,11,22
16,35,14977,46,8
1,4,2032,29,18
45,163,43984,57,16
11,152,38980,73,15
34,86,28316,48,23
30,77,22228,26,22
11,152,38517,52,15
24,58,19717,2,21
1,5,2456,37,18
45,163,44535,40,16
21,50,19703,23,21
0,151,40744,48,15
37,100,29418,51,23
26,66,22726,70,22
37,97,28299,31,23
7,19,8675,50,7
13,31,12233,10,19
6,15,6794,49,7
42,158,41761,7,16
0,1,1652,30,6
22,54,20779,52,21
46,165,44078,2,16
10,143,34627,26,12
15,33,11971,17,19
28,72,23858,48,22
16,138,33925,31,12
22,118,33075,56,0
26,61,23683,72,22
33,85,34410,1,12
37,99,29682,4,23
10,25,9004,69,7
0,2,468,29,6
14,95,30910,28,23
16,139,33749,41,12
23,56,18332,100,21
26,61,23726,49,22
20,44,18501,10,21
20,44,18955,11,21
28,72,24577,8,22
17,36,15984,43,8
30,78,24375,9,22
22,116,32632,83,0
45,163,44563,54,16
10,140,35139,22,12
40,176,50884,32,17
44,162,42761,32,16
10,26,6454,30,7
6,148,38640,34,15
6,14,6143,32,7
39,106,31512,65,23
22,117,32886,74,0
14,96,29268,37,23
1,4,2574,10,18
44,161,43112,18,16
3,9,2523,16,18
23,57,19118,70,21
21,22,18422,45,21
22,130,33032,10,0
26,66,23183,14,22
0,1,39700,29,15
0,151,40613,12,15
30,76,24957,5,22
39,106,30236,4,23
30,78,23247,32,22
10,140,33687,10,12
21,48,18261,28,21
21,47,18145,64,21
45,164,44390,10,16
3,10,4283,54,18
15,33,11649,29,19
46,165,45301,31,16
40,176,49286,79,17
16,135,33635,30,12
39,106,31187,47,23
14,95,30401,52,23
22,130,32640,13,0
0,2,501,67,6
1,4,1833,18,18
20,45,19047,24,21
14,96,31774,1,23
35,92,30449,50,23
44,161,41888,49,16
21,48,18262,13,21
5,13,5367,26,18
48,172,47748,70,17
38,102,30962,15,23
40,181,50846,76,17
16,136,33731,70,12
22,118,32545,14,0
49,182,50599,30,17
4,11,2873,43,18
37,98,31762,9,23
43,159,42449,68,16
22,107,32536,51,0
27,71,22028,51,22
0,1,567,42,6
0,3,1380,15,6
27,71,22651,2,22
49,183,50063,11,17
16,137,34191,30,12
39,104,30110,28,23
21,22,19770,49,21
33,85,34913,56,12
46,166,43444,30,16
10,142,34550,30,12
16,136,33978,10,12
45,164,44190,89,16
2,69,23187,7,22
22,54,17708,13,21
26,67,23348,35,22
23,56,20513,9,21
21,48,17696,8,21
28,72,21405,11,22
41,155,41755,95,16
21,48,17254,29,21
2,174,47941,23,17
12,30,11307,29,19
35,91,30610,12,23
35,90,28704,38,23
7,18,8754,91,7
21,50,18008,44,21
37,97,29431,50,23
20,44,17880,71,21
4,11,2757,66,18
7,19,8512,30,7
23,56,19282,9,21
6,15,6035,46,7
2,8,4821,86,18
15,33,11441,30,19
14,94,30266,51,23
22,119,33157,52,0
37,101,29431,35,23
1,4,2285,6,18
14,95,27696,52,23
2,175,47903,28,17
21,47,19211,49,21
9,23,7922,6,7
26,63,23692,52,22
26,61,23163,8,22
20,45,18198,38,21
33,85,35675,27,12
37,100,30082,9,23
26,64,24135,50,22
20,46,18806,45,21
22,132,32899,46,0
11,153,40099,37,15
10,24,9627,42,7
1,4,2746,31,18
26,62,23547,41,22
31,80,27083,11,11
11,154,38960,10,15
33,85,25878,9,11
46,166,44589,12,16
45,163,44770,28,16
27,71,22769,10,22
1,6,2883,9,18
2,7,4596,46,18
22,115,32331,16,0
40,147,37387,44,13
2,70,22429,29,22
37,100,29335,46,23
11,154,40844,10,15
14,32,12188,58,19
40,147,36335,89,13
10,144,36016,10,12
10,141,35853,6,12
20,44,18677,50,21
44,162,42430,30,16
45,164,43331,40,16
0,1,720,48,6
0,1,39949,65,15
11,152,39749,13,15
11,28,7641,41,7
21,50,20424,12,21
2,70,21435,41,22
16,136,35098,26,12
12,30,12603,10,19
40,181,47657,52,17
2,69,21913,12,22
22,55,20519,32,21
10,27,9232,30,7
4,11,3122,62,18
16,136,34529,16,12
10,142,35574,24,12
10,141,34429,29,12
10,25,10540,28,7
16,137,34896,50,12
9,23,10187,30,7
8,20,8553,43,7
46,168,44783,16,16
15,33,12300,51,19
34,87,29390,50,23
39,104,28189,30,23
2,174,48197,10,17
22,54,32933,52,0
46,165,44787,30,16
26,65,22428,71,22
39,106,30965,20,23
34,87,29108,27,23
2,174,49385,31,17
37,99,32074,9,23
21,22,19292,51,21
9,23,10049,16,7
26,61,21580,66,22
16,134,33393,29,12
0,1,1135,10,6
22,55,19909,30,21
39,105,28806,39,23
31,79,27268,30,11
10,141,34721,10,12
43,159,41831,70,16
3,9,4871,7,18
20,44,17481,30,21
30,77,25073,34,22
20,45,17972,54,21
35,88,30044,8,23
9,21,9859,66,7
31,80,25913,11,11
1,5,3486,31,18
37,101,29825,1,23
1,5,1909,93,18
5,13,2740,51,18
10,143,35734,44,12
40,178,49556,69,17
0,150,39184,53,15
21,51,20003,31,21
15,33,12045,7,19
18,37,16645,10,9
39,106,31951,22,23
35,90,29612,8,23
22,54,17793,33,21
37,98,31727,36,23
32,81,27623,59,11
31,79,25841,19,11
10,143,34251,20,12
46,165,44856,30,16
47,171,46944,6,4
23,57,19079,31,21
2,8,4963,35,18
10,140,35353,38,12
42,157,42228,11,16
4,12,4356,9,18
16,135,33797,30,12
2,69,24471,33,22
3,9,2213,70,18
9,22,7230,3,7
21,49,20335,26,21
10,25,7945,12,7
16,138,34610,48,12
9,23,8238,67,7
40,146,36994,11,13
46,169,44151,70,16
37,100,30273,5,23
46,169,44864,25,16
46,169,43922,30,16
32,84,26170,49,11
36,93,28873,58,23
11,29,9053,9,7
14,96,27900,8,23
26,65,23927,32,22
0,150,40826,45,15
5,13,5299,54,18
49,182,50020,29,17
2,174,48461,29,17
27,71,25246,34,22
21,22,17449,26,21
37,100,31399,14,23
4,12,37929,57,13
33,85,35523,72,12
21,60,21803,47,22
37,99,31968,28,23
0,150,39600,53,15
2,70,22433,9,22
22,55,20806,48,21
10,145,33803,39,12
2,174,48925,42,17
2,69,22939,51,22
24,58,19409,3,21
46,168,44143,71,16
22,124,32385,49,0
0,3,745,57,6
2,7,3213,51,18
35,90,29325,28,23
32,81,26706,14,11
40,147,37705,48,13
26,67,23460,4,22
40,181,48153,48,17
14,96,28798,7,23
14,94,30158,10,23
20,46,18747,8,21
21,48,21831,10,22
10,145,35736,67,12
4,11,36117,70,13
22,133,32581,52,0
46,169,44135,10,16
10,145,36024,31,12
5,13,4373,31,18
10,143,33801,29,12
40,181,49788,10,17
4,11,37384,70,13
14,96,31716,19,23
34,86,29032,21,23
30,76,23445,19,22
21,48,22506,51,22
37,97,28912,1,23
2,175,50149,49,17
34,87,28115,8,23
21,49,17712,69,21
10,27,10676,47,7
40,178,49393,14,17
4,11,3497,50,18
12,34,13707,9,8
21,49,18745,27,21
46,167,43787,17,16
26,62,22238,53,22
40,146,36928,21,13
37,97,29750,8,23
35,89,30243,32,23
11,29,6547,88,7
1,4,3027,42,18
22,52,17913,56,21
1,4,2969,12,18
17,36,16389,32,8
31,79,25801,18,11
0,1,434,30,6
41,155,42431,68,16
1,4,3664,70,18
10,143,35099,36,12
2,68,23990,50,22
49,183,47871,44,17
43,160,42530,71,16
22,133,32893,100,0
21,48,21909,50,22
8,20,5856,49,7
6,14,7385,8,7
35,89,30654,41,23
39,103,31867,48,23
11,28,6583,30,7
46,168,44518,48,16
11,152,39248,12,15
46,165,45163,30,16
10,140,35274,11,12
26,66,24187,49,22
37,99,32160,11,23
11,28,7839,87,7
9,22,9724,29,7
32,82,26092,34,11
45,163,44546,10,16
22,54,20485,33,21
10,25,8752,29,7
12,30,12485,63,19
37,98,31302,11,23
14,95,30474,32,23
40,177,47596,45,17
32,83,26865,90,11
35,92,27826,41,23
21,50,19353,10,21
40,181,50413,70,17
25,59,18689,32,21
10,143,34093,38,12
47,171,45707,46,4
40,147,37051,23,13
44,162,41486,56,16
11,28,9019,1,7
6,16,6334,31,7
2,69,24623,30,22
44,161,42894,69,16
9,22,10212,51,7
0,150,39061,71,15
42,158,42519,93,16
10,24,6449,30,7
26,66,23604,18,22
39,104,29915,36,23
26,63,23333,10,22
9,21,9170,50,7
37,99,31846,28,23
22,52,32978,90,0
22,119,32991,90,0
21,51,19447,11,21
44,162,42910,33,16
21,60,21311,16,22
10,24,6769,13,7
29,74,23569,29,22
20,45,17653,73,21
0,151,39726,50,15
21,51,17252,48,21
7,18,7472,50,7
26,66,23369,23,22
22,119,32423,14,0
37,97,30549,38,23
20,45,18843,27,21
39,106,28050,29,23
41,156,41221,30,16
11,28,5741,91,7
46,165,43712,63,16
7,19,7112,71,7
43,159,41734,12,16
16,35,16100,9,8
31,80,27095,49,11
4,12,36464,89,13
21,50,18745,26,21
24,58,20031,14,21
4,11,5336,91,18
30,78,24051,33,22
0,1,1371,69,6
0,150,40435,35,15
40,177,50183,24,17
12,30,11523,28,19
41,155,41154,30,16
46,167,45384,26,16
46,166,45438,11,16
22,109,33007,41,0
16,137,34513,11,12
32,81,27387,21,11
26,66,23099,11,22
4,12,37987,69,13
23,57,19842,42,21
22,107,32530,65,0
26,62,23723,10,22
11,154,38966,38,15
21,51,17799,49,21
32,81,25478,100,11
34,86,27940,7,23
20,44,17155,53,21
39,103,32120,61,23
35,92,29665,17,23
14,95,32034,53,23
29,74,22422,33,22
32,83,27211,43,11
0,1,961,37,6
10,141,35016,29,12
27,71,24603,5,22
11,28,10948,40,7
35,89,29459,40,23
37,101,28131,0,23
0,2,1602,33,6
4,11,3790,92,18
40,179,50699,25,17
20,44,17134,7,21
0,1,1104,12,6
23,56,20689,2,21
48,172,47765,28,17
14,96,29070,49,23
10,144,33554,51,12
22,131,32914,31,0
39,105,31512,46,23
47,170,46742,25,4
21,60,22408,35,22
6,148,39981,20,15
7,17,7794,29,7
0,150,38657,25,15
17,36,16265,26,8
43,159,43141,82,16
22,53,32789,41,0
32,82,27141,32,11
0,151,38539,49,15
42,157,43165,49,16
42,157,43244,15,16
43,160,41940,51,16
32,81,26893,43,11
20,45,18567,61,21
35,91,30481,4,23
16,138,34254,45,12
11,153,39803,38,15
11,28,10317,66,7
32,83,25859,28,11
30,78,21421,34,22
11,28,10851,13,7
46,165,44466,54,16
26,63,23634,29,22
16,137,34065,11,12
21,60,22281,68,22
26,67,23408,29,22
26,61,21724,42,22
34,86,29237,68,23
21,60,22781,3,22
46,169,43479,32,16
40,146,36939,28,13
37,97,28053,10,23
40,181,50592,5,17
39,104,31857,4,23
15,33,12946,31,19
22,120,32574,45,0
26,63,23667,9,22
12,34,13726,42,8
34,87,28225,69,23
37,97,31163,23,23
35,90,30284,9,23
1,6,2936,29,18
6,148,39381,21,15
11,28,9987,4,7
20,44,18451,52,21
7,18,7691,50,7
40,146,37518,31,13
40,147,37336,11,13
6,149,39837,31,15
15,41,16853,30,9
10,144,33988,66,12
37,97,27988,17,23
12,30,12323,29,19
10,26,10585,30,7
10,145,35163,11,12
31,79,27543,65,11
27,71,21922,1,22
27,71,25239,1,22
30,76,23497,40,22
41,156,41400,78,16
33,85,27284,17,11
10,24,10554,11,7
7,19,7806,41,7
46,165,45341,31,16
4,12,3936,65,18
21,50,20159,5,21
45,163,43607,40,16
44,162,42985,40,16
1,6,3991,47,18
45,164,44635,31,16
23,57,20121,11,21
39,104,31984,89,23
16,134,33381,32,12
46,169,44658,71,16
48,172,47605,11,17
9,22,9625,3,7
6,15,6818,49,7
14,32,11460,5,19
30,78,22464,27,22
20,44,18300,51,21
22,113,32333,66,0
38,102,28085,13,23
16,139,34529,44,12
7,19,7870,90,7
10,27,10287,11,7
13,31,13136,32,19
26,64,23658,83,22
11,154,40593,8,15
44,161,41983,69,16
10,143,35303,13,12
15,43,16740,50,9
2,175,48804,12,17
40,147,37348,2,13
22,132,32936,51,0
3,10,5145,71,18
26,63,23914,52,22
46,169,44075,7,16
46,166,44070,30,16
5,13,4360,59,18
40,176,50894,30,17
20,46,17299,28,21
46,165,44817,39,16
10,140,35918,32,12
46,168,44747,32,16
46,167,44009,31,16
9,21,7589,74,7
46,165,44801,34,16
21,49,20149,29,21
15,41,16759,11,9
39,104,31204,52,23
26,62,23245,33,22
16,35,16441,29,8
40,177,47467,52,17
12,34,13842,3,8
14,32,11310,29,19
46,167,43463,52,16
30,76,23079,43,22
49,183,50874,95,17
10,140,35798,27,12
46,166,44374,49,16
46,167,44100,68,16
2,7,3730,29,18
0,1,369,48,6
22,54,19509,25,21
22,121,32620,32,0
26,64,22428,70,22
42,158,42505,12,16
0,1,117,27,6
42,158,41976,44,16
14,96,31322,31,23
17,36,16049,12,8
12,34,14199,67,8
6,16,6703,30,7
34,86,28828,6,23
49,182,49434,0,17
10,145,35242,12,12
45,163,44253,18,16
0,150,40120,43,15
17,36,14740,50,8
1,6,2995,30,18
22,53,19736,49,21
6,16,5827,49,7
37,101,29267,69,23
21,47,19569,31,21
26,63,23930,17,22
0,2,1167,48,6
49,182,50780,29,17
14,95,31543,31,23
32,81,25910,50,11
11,28,8962,83,7
47,171,46881,30,4
46,169,44247,70,16
11,28,9919,11,7
13,31,12345,9,19
3,9,2238,30,18
14,32,13204,54,19
46,165,43346,33,16
27,71,21329,31,22
21,48,19465,23,21
35,90,30410,48,23
21,22,18885,6,21
46,165,43587,27,16
28,73,25347,50,22
22,133,32206,88,0
26,66,21304,40,22
10,24,8752,33,7
6,16,7341,50,7
31,79,26141,6,11
16,35,14999,31,8
30,77,21676,13,22
1,4,3324,43,18
22,118,32475,30,0
4,11,36411,100,13
16,135,33701,11,12
37,101,32038,9,23
0,1,40498,52,15
30,78,22025,31,22
10,145,34634,30,12
48,172,48656,28,17
22,113,32628,45,0
26,65,24211,10,22
21,51,19170,47,21
35,91,30440,48,23
22,55,33047,79,0
22,110,33073,30,0
22,54,20672,54,21
1,6,2075,36,18
46,169,44257,28,16
29,75,24685,51,22
6,149,40029,63,15
44,161,43032,32,16
31,79,25474,13,11
36,93,27694,50,23
16,138,34166,48,12
40,146,36865,10,13
27,71,25163,3,22
16,135,33436,41,12
47,170,46171,29,4
44,162,42281,69,16
16,35,16335,48,8
46,167,44526,29,16
35,91,30733,27,23
24,58,20189,11,21
1,4,3221,47,18
9,23,10205,62,7
21,22,20377,49,21
9,22,6615,32,7
33,85,26885,69,11
39,103,29761,37,23
21,48,20037,69,21
10,144,33676,35,12
9,21,6593,72,7
32,82,26534,11,11
39,106,30750,10,23
9,22,9073,54,7
49,182,50758,73,17
21,60,22924,56,22
40,146,36167,55,13
1,6,3573,45,18
4,11,3673,53,18
7,18,7760,9,7
14,32,11088,50,19
1,4,2250,51,18
28,73,24383,27,22
37,101,31681,10,23
37,97,28713,26,23
6,16,6135,73,7
4,11,4567,75,18
47,171,46094,2,4
11,28,7284,9,7
7,17,6787,30,7
35,92,30310,37,23
45,164,44486,70,16
10,140,35259,64,12
10,143,35219,31,12
43,160,42766,70,16
40,176,49372,3,17
34,87,28865,30,23
35,91,29762,47,23
21,48,21381,7,22
10,27,10625,31,7
36,93,29566,4,23
22,55,20759,9,21
11,28,10315,32,7
2,8,4321,54,18
10,142,33258,10,12
40,180,49930,9,17
46,169,43944,43,16
14,96,29597,50,23
40,147,36875,5,13
3,9,3012,9,18
47,171,46526,10,4
45,164,44381,50,16
6,149,39899,51,15
6,15,6099,49,7
16,139,34245,30,12
35,88,30054,70,23
46,168,44991,22,16
29,75,25367,11,22
37,100,30940,2,23
11,29,7821,97,7
3,10,2292,29,18
37,97,30184,18,23
28,72,22604,11,22
10,24,7733,10,7
15,33,12695,6,19
21,47,19373,29,21
40,147,36917,33,13
46,165,44725,10,16
21,22,18976,8,21
1,6,2626,7,18
43,159,42055,34,16
17,36,16551,32,8
16,137,34353,49,12
46,168,44614,49,16
37,98,32012,9,23
45,164,44110,48,16
42,158,43048,51,16
26,64,21784,12,22
44,161,41020,99,16
37,100,31407,3,23
13,31,12101,88,19
35,88,29287,34,23
10,26,10890,92,7
7,17,8839,6,7
12,30,12150,30,19
22,123,32479,31,0
5,13,2981,71,18
39,105,31470,19,23
1,5,1811,46,18
21,48,21283,11,22
2,7,2578,40,18
3,10,2780,26,18
2,174,48105,53,17
10,27,7772,26,7
6,15,6684,41,7
40,180,50501,49,17
46,166,43388,52,16
1,5,2002,22,18
42,158,41768,10,16
32,81,26426,45,11
16,35,16454,15,8
1,4,3463,30,18
21,50,18961,30,21
10,141,35559,30,12
12,34,14272,31,8
16,138,34646,61,12
12,30,11937,45,19
45,164,44831,68,16
35,91,29864,12,23
41,155,41598,72,16
22,128,32635,69,0
35,92,30499,29,23
37,99,31334,23,23
49,183,47963,32,17
40,181,48425,89,17
14,95,31331,8,23
2,68,23879,52,22
22,54,19641,49,21
40,177,50612,31,17
14,95,28405,33,23
10,26,10122,74,7
9,23,8285,90,7
44,161,42988,51,16
2,173,49799,30,17
49,182,50041,29,17
6,148,39262,50,15
21,22,19696,56,21
35,91,28767,32,23
0,151,39646,31,15
38,102,28423,30,23
40,181,49090,72,17
11,153,39307,31,15
35,91,29275,49,23
0,0,736,7,6
26,62,23956,71,22
10,27,9767,30,7
20,44,17866,61,21
29,75,25437,51,22
46,168,43809,89,16
32,84,25483,58,11
31,80,26141,6,11
12,34,13636,8,8
5,13,5444,49,18
14,32,13537,12,19
16,135,33530,36,12
35,88,28317,31,23
33,85,25917,43,11
2,175,49209,50,17
11,29,10992,51,7
14,94,29249,29,23
37,99,31928,47,23
37,100,28803,11,23
3,10,2397,46,18
22,52,19302,42,21
22,54,20402,32,21
4,11,2488,29,18
10,26,10760,35,7
24,58,20429,51,21
10,142,35718,57,12
28,73,24264,35,22
28,72,21896,50,22
22,124,32787,10,0
4,11,3105,93,18
48,172,47366,26,17
42,157,42990,33,16
42,158,43251,49,16
0,1,785,8,6
13,31,12657,85,19
22,110,32640,10,0
11,154,40088,11,15
23,56,17426,30,21
40,176,50902,11,17
2,68,24798,54,22
32,82,26523,59,11
4,12,4971,11,18
40,176,50588,19,17
2,8,5154,30,18
22,127,32721,70,0
21,48,17358,38,21
32,84,25567,33,11
22,52,19927,30,21
24,58,19439,36,21
21,48,22490,48,22
21,48,19206,29,21
0,3,891,28,6
2,69,24560,20,22
10,145,36012,46,12
20,44,19086,49,21
4,11,2485,55,18
22,52,19431,71,21
0,1,84,33,6
46,166,44892,30,16
16,139,34912,29,12
32,83,26550,32,11
3,9,5557,30,18
11,152,39374,70,15
9,21,9760,30,7
10,25,10879,5,7
26,62,21284,20,22
41,156,41891,63,16
34,87,28622,30,23
22,52,20763,33,21
23,56,17196,13,21
26,61,22814,100,22
15,41,16698,14,9
39,106,29908,8,23
12,30,11497,61,19
37,101,29659,10,23
12,34,14130,7,8
21,60,22769,70,22
0,3,1015,26,6
34,87,28385,47,23
4,12,4173,44,18
20,46,17861,28,21
8,20,8315,51,7
5,13,4586,31,18
22,54,20780,30,21
11,153,40492,6,15
46,169,43868,64,16
29,74,24772,51,22
6,14,6542,30,7
4,12,36243,29,13
7,18,7119,68,7
24,58,20361,12,21
11,153,39168,30,15
28,72,23856,39,22
20,46,18799,8,21
46,169,45228,59,16
27,71,23598,9,22
21,50,19284,73,21
11,154,40868,5,15
46,166,45098,10,16
22,53,17494,49,21
28,73,21542,11,22
40,180,50708,41,17
0,0,1117,30,6
0,3,89,49,6
40,181,50126,51,17
1,5,2372,71,18
2,68,21833,31,22
17,36,15715,10,8
10,26,10842,70,7
1,5,2628,20,18
10,140,33997,10,12
21,50,18426,40,21
34,86,29531,11,23
11,153,40672,30,15
31,79,26256,13,11
21,60,22062,35,22
40,179,50641,43,17
34,87,28598,9,23
22,55,19961,46,21
20,45,19143,57,21
47,171,46162,48,4
10,143,35790,32,12
10,143,34062,31,12
11,28,9335,2,7
40,180,50749,11,17
14,94,27907,32,23
0,151,39574,32,15
26,63,23373,9,22
21,49,17303,42,21
11,28,7694,10,7
48,172,49073,29,17
35,91,30753,71,23
7,18,8523,31,7
15,33,11933,30,19
22,123,32752,11,0
21,49,17726,59,21
8,20,9289,47,7
4,11,3007,65,18
23,56,19746,47,21
6,149,38702,38,15
35,89,30337,68,23
16,35,15702,51,8
48,172,47453,51,17
10,143,34460,32,12
2,69,21586,29,22
3,9,4973,29,18
22,55,20175,100,21
39,103,32037,25,23
6,149,38958,42,15
37,97,30381,6,23
29,75,24217,74,22
4,12,36735,78,13
35,88,28444,31,23
22,122,33148,10,0
26,63,22846,24,22
16,136,33840,51,12
20,45,19018,50,21
41,155,41299,78,16
1,5,3809,71,18
30,76,25071,7,22
17,36,15980,32,8
1,5,2526,70,18
40,176,47587,6,17
49,182,50798,83,17
6,14,5842,18,7
12,30,12707,46,19
10,25,10617,19,7
22,52,20205,30,21
10,26,10338,3,7
14,32,13004,26,19
17,36,14898,29,8
46,167,43752,30,16
12,30,11176,9,19
35,91,28450,14,23
10,142,33514,10,12
33,85,35610,30,12
0,151,40661,30,15
49,183,50072,7,17
4,12,37695,73,13
47,170,45544,32,4
18,39,16770,18,9
15,33,11511,50,19
37,99,30798,29,23
16,138,33891,46,12
10,142,35452,46,12
10,27,10686,58,7
1,4,2462,31,18
31,80,26033,10,11
41,156,41127,43,16
40,178,47364,50,17
1,4,2781,30,18
22,53,20913,66,21
2,7,1791,10,18
45,164,43368,32,16
37,97,31938,31,23
33,85,25487,50,11
21,48,19486,72,21
2,173,49475,50,17
22,118,33088,11,0
16,35,15967,20,8
46,168,43571,69,16
1,4,1858,48,18
29,75,23976,10,22
38,102,31737,30,23
25,59,20046,28,21
36,93,30559,30,23
37,100,32020,68,23
40,180,50810,8,17
47,170,46931,50,4
22,126,32254,61,0
45,164,44372,46,16
20,46,17366,49,21
2,8,3608,30,18
7,17,6854,51,7
16,35,14338,30,8
1,4,1983,49,18
30,77,25081,46,22
21,47,19914,27,21
21,48,18742,68,21
47,171,45635,11,4
10,27,7769,74,7
16,136,33898,41,12
31,79,27569,22,11
14,32,12539,38,19
11,28,9131,8,7
47,170,45950,9,4
43,160,43265,68,16
22,54,17277,68,21
40,177,49505,29,17
20,45,18165,49,21
30,77,25345,41,22
44,162,42128,50,16
21,60,22657,33,22
14,96,31714,14,23
0,2,1711,30,6
12,34,14226,48,8
40,147,36846,70,13
40,181,48416,40,17
26,61,23489,30,22
12,30,12905,31,19
37,100,28020,14,23
1,6,3735,11,18
14,94,27878,68,23
11,28,9025,56,7
4,12,5213,29,18
4,11,37027,88,13
20,46,18407,29,21
47,171,46261,12,4
22,127,33209,31,0
14,94,30186,39,23
1,6,3158,49,18
0,1,755,42,6
16,134,33711,30,12
10,140,35669,26,12
2,8,4221,51,18
16,35,15358,50,8
14,95,30504,28,23
20,45,18203,31,21
28,72,25403,23,22
0,0,1148,28,6
16,135,34449,48,12
21,22,19815,10,21
1,4,2076,7,18
16,135,34163,47,12
15,33,12936,1,19
0,2,1417,30,6
46,165,45461,46,16
34,86,28832,53,23
6,15,6413,15,7
0,1,1530,9,6
21,48,17258,9,21
31,79,26678,70,11
46,166,45248,50,16
4,11,5484,54,18
25,59,19153,5,21
7,19,7109,50,7
9,23,9944,51,7
22,52,20695,69,21
7,17,8584,69,7
26,67,24208,70,22
22,55,32726,90,0
48,172,47406,28,17
22,117,32615,68,0
27,71,25140,7,22
15,33,13270,54,19
30,77,24441,29,22
13,31,12794,61,19
22,113,33202,53,0
35,88,27961,30,23
0,1,40491,50,15
22,54,32254,55,0
35,90,29912,50,23
37,97,30211,49,23
48,172,49012,36,17
34,87,29052,36,23
22,53,17967,31,21
1,4,2073,47,18
44,161,41744,43,16
40,178,47319,49,17
4,11,4465,31,18
46,165,43782,27,16
10,145,34969,51,12
41,155,41606,24,16
22,54,32512,52,0
21,51,19829,30,21
37,99,29871,69,23
6,16,6633,14,7
39,103,29772,69,23
26,64,23603,53,22
47,170,46776,6,4
4,11,3287,50,18
21,48,19583,43,21
8,20,8957,62,7
1,4,4011,55,18
10,145,35735,50,12
40,146,36306,16,13
22,115,33196,14,0
39,103,31629,28,23
32,82,27246,9,11
40,146,37938,30,13
11,153,40839,51,15
21,47,20099,11,21
49,182,50538,48,17
22,54,19470,10,21
21,60,22102,30,22
10,143,34728,26,12
46,166,45381,9,16
40,177,49452,49,17
37,98,30188,10,23
2,7,4477,44,18
6,16,6356,29,7
21,22,18485,49,21
23,57,20856,20,21
2,7,2027,11,18
35,88,30290,12,23
47,170,46029,11,4
6,16,5784,27,7
40,181,48784,3,17
8,20,9046,53,7
22,109,32514,50,0
25,59,18555,30,21
38,102,28053,41,23
21,48,19657,31,21
37,100,28847,16,23
10,140,35827,69,12
26,67,24089,74,22
26,67,22216,30,22
36,93,29977,51,23
12,30,12619,27,19
40,146,36304,12,13
22,127,32617,31,0
27,71,24592,7,22
26,65,23926,89,22
12,34,14170,29,8
21,47,19734,33,21
22,110,33092,32,0
40,147,36588,9,13
35,90,30144,50,23
22,53,20216,28,21
14,95,29628,67,23
16,134,34519,32,12
9,23,10222,50,7
1,5,2657,47,18
24,58,19420,2,21
11,153,40618,11,15
0,1,38610,31,15
48,172,47472,4,17
5,13,5282,30,18
35,89,30485,68,23
41,155,42147,52,16
22,121,33012,32,0
22,122,33172,29,0
32,82,26000,30,11
43,159,42119,71,16
27,71,25171,6,22
17,36,15421,26,8
49,183,50484,7,17
2,69,24911,17,22
37,100,30757,50,23
40,176,50722,5,17
21,48,21763,50,22
26,61,22459,17,22
4,11,36294,60,13
11,153,40833,58,15
26,65,23724,51,22
16,136,34931,61,12
46,167,43733,69,16
7,18,8818,40,7
6,149,38691,17,15
45,164,44030,49,16
10,26,9840,30,7
37,100,28538,49,23
16,135,34780,31,12
37,99,31391,39,23
2,175,48039,9,17
14,32,13189,48,19
37,97,30274,10,23
47,171,46559,10,4
4,12,36179,12,13
47,171,46172,9,4
31,79,26957,22,11
22,54,18063,8,21
1,4,2902,50,18
26,61,22145,8,22
6,16,5834,12,7
0,2,1155,49,6
2,173,49449,53,17
35,92,29662,47,23
0,1,38414,30,15
1,5,2752,4,18
22,52,32486,44,0
21,60,22742,49,22
48,172,48778,28,17
21,48,21782,13,22
15,33,12385,7,19
23,56,20549,50,21
26,63,23990,70,22
12,34,14982,46,8
2,175,49607,31,17
7,19,7358,27,7
46,166,43938,51,16
11,152,40437,30,15
22,53,20501,68,21
22,114,32343,91,0
22,131,32662,65,0
3,10,4495,70,18
40,178,49415,8,17
46,167,43563,69,16
46,167,44153,30,16
17,36,14031,27,8
22,126,32449,34,0
3,10,5476,64,18
22,115,32714,53,0
22,125,32591,51,0
34,86,27828,45,23
1,6,3375,64,18
24,58,19140,8,21
27,71,23884,50,22
33,85,35894,30,12
26,63,22422,18,22
40,146,36457,3,13
26,63,23460,16,22
23,57,20048,9,21
40,146,38321,47,13
20,46,17529,50,21
0,151,39358,31,15
22,120,33165,29,0
25,59,21127,29,21
26,64,23399,89,22
22,112,32784,10,0
41,155,41036,37,16
21,60,22895,70,22
40,180,47621,30,17
22,116,32374,4,0
1,6,2016,19,18
22,123,32757,12,0
0,2,626,9,6
26,66,23382,9,22
16,136,34653,33,12
1,6,3646,10,18
2,7,2975,55,18
1,6,3661,12,18
22,111,32239,11,0
37,98,31964,29,23
26,63,22051,29,22
37,97,29227,9,23
33,85,35928,40,12
21,50,18985,31,21
43,159,43110,75,16
10,27,9842,50,7
40,180,50808,14,17
40,176,50408,81,17
34,86,28392,47,23
37,99,30872,41,23
26,64,23380,70,22
35,91,27732,12,23
32,83,27062,42,11
36,93,31212,98,23
26,67,23478,28,22
44,161,43070,56,16
27,71,22834,28,22
22,109,33078,53,0
35,91,29724,30,23
21,49,18673,14,21
26,67,24148,71,22
22,54,20569,29,21
5,13,3509,30,18
49,183,48933,71,17
22,107,32631,87,0
42,157,42614,18,16
1,5,2860,41,18
2,175,49832,71,17
10,141,35939,12,12
16,134,33897,41,12
23,57,20671,39,21
33,85,34566,68,12
10,143,35902,18,12
40,146,37480,31,13
26,66,23066,66,22
16,134,34970,50,12
6,14,5638,10,7
26,63,22607,8,22
33,85,25831,89,11
12,34,14339,34,8
22,53,32593,70,0
45,163,43329,51,16
43,160,42644,53,16
2,68,22074,14,22
21,49,17914,45,21
35,88,28661,27,23
11,28,8969,72,7
31,80,26779,31,11
49,182,50889,83,17
41,155,41864,48,16
39,106,31437,30,23
27,71,23870,12,22
35,89,28266,88,23
26,62,21414,32,22
11,29,10026,13,7
3,10,4347,9,18
32,82,26186,30,11
33,85,36027,29,12
22,122,32539,73,0
0,2,890,30,6
9,22,7862,53,7
1,5,3155,47,18
19,40,16798,56,9
11,154,38842,16,15
21,47,19814,51,21
22,126,32614,55,0
6,148,40015,24,15
10,141,35885,31,12
10,24,10048,53,7
33,85,35635,12,12
4,12,37450,99,13
2,7,5095,28,18
9,22,8609,14,7
22,55,20428,13,21
39,106,31044,27,23
35,90,29556,47,23
30,76,24211,10,22
16,137,33368,30,12
10,142,34997,35,12
7,18,5823,73,7
22,133,32402,31,0
14,96,31398,44,23
40,176,50730,28,17
46,167,43570,32,16
2,8,5069,52,18
46,168,44808,16,16
15,33,11081,9,19
26,64,24096,72,22
37,99,31412,27,23
23,57,17724,2,21
15,33,11716,11,19
26,64,23951,39,22
10,140,34339,24,12
32,82,26791,65,11
4,11,2412,50,18
39,106,30321,46,23
22,117,32585,9,0
1,6,3423,11,18
9,23,10036,50,7
39,104,32086,40,23
10,141,33692,50,12
30,76,22317,28,22
23,56,19719,50,21
21,22,19945,71,21
3,9,2478,17,18
37,99,29815,51,23
21,50,20251,42,21
14,32,12195,28,19
10,144,34361,13,12
22,123,32907,86,0
39,106,31677,51,23
6,148,39756,42,15
40,180,50878,29,17
35,92,30794,5,23
25,59,17807,9,21
37,99,30322,6,23
4,11,2725,77,18
23,57,18834,73,21
4,12,36237,50,13
21,48,21413,33,22
31,79,26177,47,11
2,70,23634,9,22
10,24,9875,10,7
11,154,40025,35,15
35,88,29295,67,23
26,67,24110,47,22
23,57,20842,6,21
22,128,32980,34,0
20,46,17696,30,21
49,183,48427,50,17
45,164,44803,36,16
2,70,24542,30,22
14,94,31485,15,23
8,20,8990,47,7
26,67,22390,29,22
18,38,16812,31,9
20,45,17927,12,21
16,134,34318,30,12
42,158,41061,9,16
32,82,27443,37,11
22,52,32450,68,0
0,1,519,1,6
22,52,33081,99,0
47,170,47136,43,4
16,139,34824,28,12
27,71,23872,8,22
0,0,1235,33,6
12,30,11538,46,19
9,22,8500,51,7
34,86,27864,29,23
14,94,31584,10,23
22,55,19771,30,21
21,50,17378,30,21
0,150,40525,30,15
9,23,8604,11,7
22,55,20752,40,21
22,52,20985,28,21
34,86,28270,47,23
4,12,37257,54,13
22,128,32364,35,0
20,46,18122,30,21
39,105,31298,48,23
2,175,49808,26,17
10,144,36031,31,12
4,12,37758,37,13
12,34,14619,46,8
20,45,17386,11,21
43,160,41663,69,16
9,23,7938,46,7
7,17,8468,84,7
25,59,17398,8,21
2,68,23218,41,22
33,85,25629,50,11
21,51,18394,30,21
33,85,35241,7,12
30,78,22988,42,22
4,11,36498,12,13
17,36,16491,50,8
7,18,7860,53,7
6,14,6857,52,7
0,0,1577,29,6
9,23,9439,48,7
35,90,30657,29,23
40,146,36165,51,13
30,77,25408,49,22
37,98,32078,46,23
9,22,7890,89,7
10,145,35457,90,12
40,180,50765,4,17
4,12,5376,57,18
47,171,47129,49,4
10,144,35916,81,12
46,168,43754,32,16
11,29,10171,38,7
20,44,17682,52,21
1,4,2405,11,18
2,8,3091,29,18
46,165,44849,32,16
10,25,10463,48,7
34,87,27694,49,23
11,29,6532,67,7
36,93,31157,11,23
1,6,3915,29,18
1,5,2131,30,18
10,25,10251,4,7
10,25,10452,79,7
41,155,41523,47,16
40,181,49282,63,17
5,13,5555,32,18
16,136,34026,31,12
36,93,28267,70,23
4,11,4590,64,18
26,65,23399,74,22
16,134,33851,33,12
22,128,32787,12,0
6,15,7127,32,7
5,13,4055,29,18
15,33,11248,8,19
22,52,18806,49,21
15,33,12223,4,19
4,11,4437,46,18
33,85,26788,29,11
45,163,44655,9,16
3,10,4415,43,18
12,30,11618,30,19
38,102,31025,29,23
33,85,26357,11,11
22,54,20812,29,21
3,9,4292,30,18
16,136,34828,12,12
2,70,24312,12,22
46,165,43865,11,16
4,11,2491,100,18
39,105,30788,27,23
46,169,44780,29,16
31,79,26516,6,11
6,16,6690,52,7
34,86,28795,78,23
38,102,30214,42,23
22,53,19209,29,21
10,144,35613,26,12
10,25,10573,28,7
22,125,32210,42,0
22,52,20742,9,21
36,93,31456,13,23
43,160,42406,30,16
26,62,24046,29,22
20,44,17545,31,21
35,89,29299,9,23
9,21,9807,51,7
47,171,46798,4,4
43,159,42205,42,16
38,102,29897,28,23
2,175,49492,53,17
28,73,24852,45,22
16,136,34064,30,12
22,129,33217,72,0
40,179,48663,10,17
42,158,41555,6,16
37,97,28287,10,23
22,128,32967,35,0
35,90,29844,28,23
47,171,46429,10,4
2,68,24920,52,22
21,22,18376,69,21
22,123,32270,14,0
0,1,187,50,6
40,147,37347,16,13
40,146,38256,12,13
15,33,11639,51,19
49,183,47746,10,17
38,102,28241,24,23
39,104,27723,41,23
49,183,50043,30,17
31,79,26274,48,11
46,169,44952,62,16
41,156,41900,49,16
37,100,28079,9,23
35,90,29184,40,23
23,57,20603,30,21
15,41,16734,25,9
21,48,17369,49,21
6,149,39572,71,15
47,171,45581,36,4
40,147,36840,34,13
14,96,27775,7,23
22,52,19641,30,21
7,19,6041,93,7
13,31,11488,69,19
15,42,17020,9,9
0,150,38398,4,15
9,21,9888,10,7
22,123,32885,13,0
1,5,3973,2,18
22,52,32364,49,0
17,36,16421,31,8
18,38,16890,71,9
21,48,19281,71,21
0,3,239,62,6
46,165,44675,44,16
43,160,43100,50,16
39,103,31936,29,23
32,81,26262,13,11
22,55,19082,90,21
9,22,8925,46,7
24,58,18796,8,21
20,46,18176,15,21
38,102,30177,47,23
33,85,26412,30,11
35,88,30730,72,23
43,160,41352,52,16
4,12,3998,67,18
30,78,21365,30,22
35,90,29802,49,23
24,58,18819,11,21
2,69,24231,62,22
10,142,35397,24,12
0,1,734,51,6
22,115,32912,33,0
10,141,34617,16,12
26,61,23017,39,22
45,164,44140,36,16
37,99,28002,9,23
35,91,30647,31,23
2,69,22246,8,22
44,162,41090,30,16
2,173,49997,50,17
37,98,29396,12,23
26,62,24133,8,22
20,45,17378,3,21
16,137,33328,49,12
37,99,31214,30,23
37,98,28012,9,23
22,52,33111,47,0
31,80,26440,10,11
22,108,32884,69,0
6,148,39397,47,15
32,81,26739,13,11
6,149,39584,74,15
28,73,24595,8,22
22,54,18829,12,21
16,138,33436,22,12
22,112,32508,67,0
16,134,34556,49,12
26,64,22216,91,22
33,85,34889,5,12
16,134,34859,51,12
9,22,7519,27,7
16,137,35038,31,12
19,40,17035,52,9
34,86,28052,45,23
17,36,16474,38,8
39,106,29924,29,23
21,51,19935,29,21
35,91,30542,36,23
40,179,50927,55,17
1,5,2742,10,18
2,174,49553,30,17
46,169,43465,49,16
21,50,17125,49,21
26,67,24235,10,22
16,134,33560,70,12
15,43,16745,27,9
21,47,17669,50,21
11,154,38601,71,15
21,22,19508,39,21
35,89,30220,27,23
11,153,40815,53,15
2,8,3090,32,18
33,85,33356,27,12
39,106,30639,68,23
21,47,20108,28,21
16,35,15660,13,8
16,35,15791,51,8
27,71,22805,10,22
22,128,32814,50,0
20,46,18508,31,21
46,166,45309,32,16
10,25,10673,52,7
16,136,34600,8,12
13,31,11166,8,19
0,151,40638,29,15
45,163,45171,28,16
9,22,10084,49,7
10,144,35764,10,12
31,80,26407,46,11
40,176,50752,29,17
21,22,20081,27,21
6,16,6781,29,7
33,85,27101,49,11
38,102,29565,49,23
42,157,42194,31,16
37,97,27798,5,23
35,90,28449,28,23
1,5,3986,5,18
22,113,33013,47,0
31,80,26483,31,11
26,65,23739,30,22
43,160,43183,70,16
6,15,5688,31,7
15,33,11378,10,19
44,161,41295,71,16
5,13,2011,13,18
40,181,50085,1,17
39,104,29907,4,23
20,45,18091,57,21
0,2,1589,51,6
2,69,22880,50,22
45,163,43391,45,16
44,162,41435,19,16
10,142,33964,13,12
9,21,9866,32,7
6,149,39518,26,15
17,36,15324,38,8
5,13,1805,55,18
37,101,28451,20,23
0,150,40180,75,15
6,14,6021,11,7
35,88,28669,7,23
21,60,22289,10,22
23,56,18370,23,21
20,44,18227,6,21
33,85,34296,30,12
14,96,29122,51,23
7,17,6683,100,7
6,148,38674,75,15
16,137,33976,12,12
16,137,33636,48,12
12,30,11367,28,19
6,148,38757,10,15
14,32,11596,34,19
44,162,41789,46,16
2,7,2121,10,18
3,9,4704,30,18
33,85,26604,12,11
23,57,18407,30,21
10,141,33697,10,12
46,165,44760,46,16
35,92,30030,29,23
34,87,29047,45,23
30,78,24885,10,22
14,95,30413,10,23
2,70,24102,5,22
20,45,18210,32,21
40,147,37146,41,13
31,80,26394,15,11
2,8,4641,49,18
25,59,19586,23,21
29,75,25141,9,22
30,76,22132,29,22
42,157,41266,72,16
26,64,24122,28,22
45,163,43881,29,16
35,88,27764,11,23
4,11,36905,10,13
40,178,50434,48,17
10,24,10588,30,7
35,91,29692,27,23
45,163,45151,81,16
11,154,39926,9,15
14,94,31380,28,23
23,56,20675,23,21
17,36,15597,50,8
5,13,3517,26,18
22,55,33031,60,0
44,161,41985,34,16
5,13,5595,50,18
10,142,34852,50,12
10,143,35232,48,12
40,146,37648,52,13
44,162,41348,53,16
46,168,44574,43,16
14,96,29162,51,23
0,1,1598,51,6
46,166,44454,30,16
4,12,36640,91,13
11,154,39461,8,15
32,81,25859,34,11
0,150,38473,53,15
22,118,32635,23,0
10,142,34788,50,12
26,61,21563,28,22
21,47,18785,29,21
10,143,34788,42,12
2,174,49747,44,17
11,153,39711,17,15
49,183,49326,21,17
35,92,30547,61,23
21,22,20199,31,21
35,90,30758,47,23
11,29,8645,32,7
14,32,12872,50,19
0,3,471,10,6
16,139,34896,33,12
40,176,50693,49,17
9,22,10236,31,7
23,57,18931,6,21
23,56,19151,50,21
37,98,31732,30,23
46,167,43881,10,16
26,65,23176,81,22
23,56,19504,19,21
39,104,27748,84,23
16,135,33978,30,12
37,99,29024,8,23
47,171,46423,12,4
11,153,39464,58,15
44,162,41721,13,16
39,105,31694,34,23
0,2,897,12,6
9,23,10217,55,7
16,134,33985,39,12
10,141,35079,10,12
20,44,18019,59,21
6,14,6220,27,7
13,31,13480,39,19
3,10,2729,71,18
33,85,25576,52,11
9,23,6690,50,7
43,160,41269,39,16
44,162,41693,46,16
14,96,31006,28,23
30,77,22643,50,22
12,34,15496,32,8
37,99,31879,25,23
22,131,32611,49,0
46,166,44968,9,16
43,159,42223,71,16
2,8,4322,28,18
40,146,37753,12,13
29,75,22778,71,22
34,87,27917,8,23
46,167,45283,50,16
46,166,45357,6,16
21,49,18094,28,21
27,71,23622,12,22
10,145,35995,30,12
37,99,27844,27,23
10,26,10046,3,7
1,4,1986,27,18
0,1,358,42,6
9,21,7598,91,7
47,170,46918,45,4
21,50,18299,29,21
26,65,23521,60,22
34,87,29320,73,23
31,80,27566,46,11
4,11,38231,30,13
39,105,32027,37,23
4,12,36088,14,13
4,11,5109,13,18
42,158,41197,33,16
11,29,7290,12,7
33,85,34879,55,12
1,6,2298,49,18
11,154,39341,6,15
44,162,43016,48,16
0,0,1169,64,6
6,16,6482,7,7
46,168,44879,33,16
1,6,1807,41,18
40,178,49170,12,17
11,154,40133,71,15
43,160,42884,70,16
37,98,31137,33,23
22,119,32772,29,0
4,12,37585,54,13
41,155,42455,13,16
40,178,49360,67,17
16,134,34858,46,12
30,76,23155,49,22
33,85,26796,29,11
23,57,19825,26,21
8,20,9047,98,7
43,160,41022,27,16
10,143,36010,50,12
22,112,32603,32,0
11,29,6516,30,7
41,156,41352,90,16
4,11,5452,40,18
14,32,12327,71,19
7,18,8089,48,7
20,44,18933,84,21
0,0,716,47,6
16,135,34207,49,12
38,102,30695,52,23
23,56,20004,70,21
13,31,12398,52,19
44,162,42752,36,16
30,76,22418,8,22
14,94,29132,12,23
26,61,23652,30,22
31,80,26962,8,11
21,47,17395,20,21
40,181,48369,39,17
1,6,3025,71,18
22,54,19123,48,21
4,11,5278,93,18
16,139,33721,50,12
10,143,35442,31,12
10,143,35214,22,12
22,118,32198,48,0
11,153,40153,11,15
2,173,49525,49,17
23,57,21151,1,21
37,100,29356,4,23
35,89,29283,26,23
3,9,2006,48,18
44,161,41638,91,16
22,52,20163,51,21
13,31,12280,49,19
16,136,34936,7,12
37,97,28202,8,23
1,6,2048,63,18
33,85,35903,31,12
46,169,44364,19,16
10,142,34347,30,12
36,93,28163,1,23
11,28,10195,60,7
40,179,50426,49,17
23,57,20576,26,21
37,100,29873,9,23
40,177,50853,8,17
35,90,30664,25,23
9,21,8239,29,7
5,13,2305,45,18
1,4,3061,10,18
4,12,4158,56,18
9,23,8895,13,7
11,153,40800,13,15
29,74,21568,48,22
37,97,30087,8,23
32,81,26265,31,11
6,15,5869,34,7
25,59,18136,23,21
14,95,30796,30,23
22,53,19084,29,21
22,53,20542,25,21
40,176,49660,7,17
6,15,6111,46,7
4,12,4924,89,18
21,49,19923,49,21
24,58,20489,51,21
37,98,31309,7,23
21,47,20112,39,21
43,160,42137,31,16
0,1,40474,39,15
29,75,23676,37,22
36,93,27827,27,23
4,11,4533,51,18
22,54,19629,10,21
4,12,37849,100,13
46,166,44974,15,16
10,142,34964,52,12
2,70,23018,14,22
10,25,10638,27,7
16,134,34789,51,12
22,52,20643,41,21
0,151,39883,29,15
20,45,18823,5,21
37,97,28714,10,23
30,76,25361,10,22
46,169,44019,30,16
2,7,4781,47,18
44,162,42779,55,16
22,109,33055,47,0
17,36,13933,48,8
31,80,25992,32,11
16,137,34000,39,12
10,26,8197,42,7
39,105,31278,39,23
29,74,24881,48,22
37,100,29994,48,23
4,12,5244,49,18
46,166,43455,12,16
3,9,4787,8,18
21,47,19560,49,21
2,68,24310,28,22
21,49,20298,32,21
21,50,18692,9,21
22,52,20510,32,21
37,100,30447,31,23
36,93,30295,49,23
4,11,4297,4,18
35,89,28340,48,23
22,125,32931,10,0
22,131,32811,31,0
10,144,35376,40,12
16,136,33459,17,12
13,31,11110,8,19
45,163,45341,30,16
0,3,75,40,6
33,85,26717,14,11
10,140,33344,50,12
35,92,28759,48,23
22,116,32446,100,0
21,60,22578,42,22
21,51,19968,40,21
16,139,34079,68,12
22,109,32676,6,0
22,116,32809,16,0
23,57,18929,27,21
10,144,34934,31,12
26,64,23054,23,22
31,79,25503,9,11
45,163,43684,8,16
13,31,12571,70,19
11,154,38998,86,15
42,157,42549,15,16
21,60,23037,52,22
46,167,44536,59,16
21,51,19328,69,21
1,4,3883,47,18
35,92,28757,10,23
2,175,49831,30,17
0,0,802,14,6
46,167,44446,46,16
42,158,42142,9,16
35,92,27681,9,23
12,34,14476,31,8
40,177,50383,24,17
32,82,26649,29,11
6,148,38418,49,15
35,88,30073,51,23
21,51,19356,33,21
39,103,30568,4,23
2,174,49514,12,17
44,162,42893,30,16
14,94,29696,30,23
21,47,17995,14,21
16,139,34083,8,12
40,177,50163,49,17
16,136,34630,67,12
22,117,33135,10,0
22,113,32470,49,0
40,177,50568,8,17
42,157,43072,50,16
10,27,9621,58,7
39,105,29908,10,23
22,118,32210,31,0
31,80,26471,33,11
42,158,42349,84,16
46,167,43821,76,16
24,58,19732,7,21
21,51,17633,29,21
38,102,29996,40,23
40,181,50871,7,17
40,176,49662,30,17
40,147,37755,42,13
14,95,28974,29,23
10,143,35945,68,12
35,88,30021,26,23
40,146,37962,56,13
34,86,29582,50,23
22,131,33073,12,0
10,27,7732,50,7
14,94,29359,27,23
20,45,17569,30,21
6,14,6867,13,7
43,160,41643,71,16
47,171,46239,31,4
23,57,17869,33,21
21,22,19708,51,21
37,101,31369,9,23
22,121,32666,66,0
2,173,49327,8,17
38,102,28504,30,23
26,65,24192,74,22
46,167,43408,33,16
49,182,49357,41,17
9,23,9141,34,7
10,144,35161,28,12
20,44,18641,68,21
46,165,44451,52,16
10,144,35197,30,12
7,18,7794,27,7
37,99,29005,29,23
30,77,25188,51,22
17,36,15565,54,8
16,136,34918,47,12
39,105,31452,6,23
40,181,50847,10,17
0,0,46,29,6
49,182,50501,68,17
35,89,28511,9,23
15,33,11319,3,19
12,34,14808,50,8
13,31,12605,49,19
40,179,49678,2,17
32,81,26035,46,11
27,71,25210,50,22
39,103,31434,9,23
4,11,4385,78,18
40,146,37830,57,13
10,140,33311,40,12
9,23,6932,54,7
37,98,27952,6,23
22,55,17645,40,21
16,135,34818,31,12
21,48,22737,30,22
49,183,48891,50,17
39,104,28339,71,23
3,9,4947,13,18
4,11,36346,9,13
2,70,24932,30,22
49,183,48819,66,17
21,50,18455,11,21
44,162,43243,51,16
40,147,36399,10,13
14,95,31544,48,23
37,101,29643,32,23
6,15,6578,9,7
0,3,1137,29,6
2,69,24762,88,22
20,45,18731,48,21
2,173,48289,10,17
17,36,15329,9,8
21,51,19022,48,21
4,12,4208,71,18
30,77,23924,14,22
10,142,35583,62,12
2,69,24783,28,22
2,70,23672,48,22
28,73,23796,29,22
37,99,28314,48,23
36,93,31392,14,23
22,133,33217,74,0
32,82,27106,30,11
11,28,8642,74,7
38,102,31499,35,23
14,94,29144,31,23
21,49,20046,53,21
40,147,38349,31,13
45,163,45362,55,16
16,137,33288,71,12
0,2,1275,30,6
47,171,46991,31,4
23,57,19036,35,21
37,100,27779,9,23
35,89,30397,52,23
47,171,45724,10,4
25,59,18124,90,21
29,74,24614,52,22
28,72,22505,11,22
46,165,44197,9,16
23,56,21095,49,21
37,101,28583,50,23
22,130,33163,7,0
35,89,29183,50,23
4,11,36766,87,13
47,170,46032,3,4
21,22,18291,27,21
20,44,19142,49,21
20,44,18725,42,21
39,106,27926,9,23
38,102,30467,52,23
15,33,12987,14,19
22,112,33099,28,0
15,33,11565,11,19
45,163,43638,48,16
24,58,19327,36,21
0,1,40741,50,15
16,138,33246,50,12
10,27,7776,48,7
0,2,681,33,6
23,56,18186,9,21
24,58,18412,46,21
9,22,10242,65,7
33,85,34559,46,12
20,44,18198,17,21
0,2,1762,42,6
46,166,44326,45,16
33,85,35180,31,12
37,97,27740,9,23
35,91,29817,50,23
26,67,23763,88,22
40,179,47778,50,17
40,181,50819,31,17
36,93,31352,51,23
21,48,19811,30,21
2,175,49873,47,17
0,1,1706,43,6
40,177,47955,9,17
2,68,22430,34,22
16,134,34264,7,12
21,49,18758,80,21
1,6,2148,52,18
35,92,30083,2,23
21,48,19986,19,21
6,15,5693,30,7
11,152,40527,29,15
22,53,17772,26,21
9,21,9893,32,7
16,139,35065,10,12
13,31,11145,28,19
9,21,7909,91,7
22,118,32987,30,0
0,0,355,30,6
27,71,22338,30,22
37,98,28136,27,23
40,181,49370,7,17
30,77,24176,9,22
2,175,50162,28,17
21,51,19507,28,21
40,147,38343,9,13
1,5,2882,5,18
37,98,31899,37,23
16,134,33926,49,12
33,85,33580,48,12
19,40,16994,32,9
22,107,32403,100,0
16,35,13740,37,8
6,14,6811,53,7
2,173,48673,50,17
47,170,45653,6,4
23,57,18180,7,21
0,0,22,30,6
22,53,18341,40,21
33,85,26168,1,11
10,144,33426,22,12
21,51,18740,50,21
0,150,39644,29,15
45,164,43599,67,16
39,106,31078,53,23
28,72,22805,30,22
33,85,34494,20,12
40,147,38269,50,13
0,1,684,32,6
26,64,22739,66,22
2,68,23278,46,22
10,145,34705,46,12
16,139,33851,22,12
37,99,29697,70,23
40,179,47364,70,17
21,50,19017,52,21
34,87,28419,42,23
2,8,5045,75,18
16,134,34981,8,12
22,112,32647,50,0
22,53,32472,96,0
16,138,33413,96,12
26,61,22444,9,22
11,154,39442,28,15
1,6,2890,52,18
32,81,26138,58,11
39,103,28546,66,23
12,34,14011,19,8
13,31,13288,9,19
6,149,39303,44,15
44,161,41488,98,16
22,53,19265,49,21
21,48,21596,38,22
6,148,38448,11,15
16,134,34083,29,12
21,22,20247,70,21
12,30,12304,28,19
37,99,31683,83,23
25,59,20472,10,21
44,161,42103,13,16
3,9,4209,47,18
21,48,20331,50,21
37,98,28684,47,23
22,53,18396,30,21
23,56,20451,15,21
32,82,26688,13,11
46,169,45391,32,16
22,115,32315,16,0
7,19,6682,31,7
22,131,33196,9,0
28,72,25111,49,22
21,50,20256,10,21
10,26,10434,46,7
22,131,32705,13,0
42,157,41774,9,16
2,7,3304,7,18
47,171,47234,49,4
40,180,49534,29,17
42,158,41842,12,16
10,24,10528,80,7
11,154,40489,6,15
35,88,30285,37,23
37,99,28991,47,23
16,35,15891,12,8
35,89,30505,43,23
6,15,6967,12,7
2,70,23430,26,22
47,170,46992,10,4
46,167,43402,52,16
16,137,33265,29,12
6,14,6570,63,7
47,171,46469,9,4
10,140,33649,38,12
11,153,40466,32,15
37,100,30902,52,23
26,67,23126,70,22
9,21,9587,13,7
3,9,4961,47,18
35,88,28433,50,23
14,96,28659,38,23
14,95,29465,51,23
40,177,48369,39,17
5,13,2393,30,18
35,90,30744,28,23
26,63,24252,48,22
37,101,29859,30,23
9,23,9694,20,7
16,134,34201,51,12
2,174,49203,49,17
22,52,33044,29,0
21,60,22287,49,22
12,34,13853,29,8
10,142,33989,31,12
13,31,13439,30,19
2,7,2943,10,18
14,94,30376,10,23
16,136,33270,11,12
26,61,24098,92,22
6,148,39606,58,15
17,36,13898,52,8
4,11,4594,79,18
49,183,47525,29,17
10,144,35206,44,12
29,74,24632,27,22
37,99,28177,9,23
33,85,27306,29,11
14,96,30508,11,23
25,59,18941,59,21
6,14,5599,11,7
30,77,22869,66,22
46,169,44263,49,16
45,163,44172,36,16
32,81,26111,10,11
21,51,18737,28,21
38,102,31738,28,23
43,160,43316,53,16
28,73,23552,49,22
3,9,2630,10,18
42,158,40982,11,16
47,171,46789,11,4
40,177,50339,51,17
10,142,35860,51,12
40,180,50007,9,17
21,49,18290,13,21
25,59,20173,13,21
46,165,44497,51,16
15,33,11653,1,19
35,91,30275,32,23
4,11,36588,71,13
1,6,2976,50,18
16,139,33598,26,12
4,12,37228,12,13
21,50,20116,8,21
22,52,17869,52,21
33,85,26197,100,11
14,96,31955,1,23
18,38,16738,70,9
22,123,32456,9,0
2,175,49154,6,17
45,164,44105,41,16
1,5,3439,33,18
0,150,38961,33,15
37,101,28277,9,23
34,86,27742,39,23
10,140,35648,10,12
32,83,25488,51,11
10,142,36007,30,12
30,76,22001,56,22
39,103,30925,8,23
12,30,12280,29,19
7,19,8160,91,7
22,111,33189,10,0
35,89,30868,49,23
43,160,43017,45,16
21,48,19531,30,21
25,59,18315,6,21
0,3,1343,43,6
32,81,27258,31,11
6,14,6473,14,7
16,136,33976,13,12
22,52,19889,39,21
1,6,2542,47,18
37,97,30816,49,23
3,9,5382,29,18
10,145,33988,50,12
10,24,9895,41,7
39,103,28336,42,23
12,30,11868,74,19
0,150,39288,10,15
1,6,2961,10,18
22,113,32555,13,0
4,12,38185,67,13
7,17,7575,70,7
40,177,49640,9,17
46,167,44303,11,16
10,26,10349,51,7
10,24,7753,13,7
33,85,26763,9,11
14,94,29595,41,23
44,161,42035,12,16
10,26,5669,54,7
40,146,38133,11,13
47,171,46741,38,4
38,102,31034,27,23
46,169,43640,70,16
4,12,1800,31,18
21,47,20052,93,21
28,72,23372,55,22
1,6,3176,53,18
10,24,10786,6,7
14,94,28771,48,23
10,145,35992,49,12
37,97,29812,9,23
21,49,19205,52,21
37,101,28519,11,23
49,183,47753,8,17
20,44,18579,7,21
35,92,28580,14,23
10,145,35256,43,12
37,98,30829,73,23
45,164,43841,11,16
14,95,31875,48,23
22,118,32812,33,0
37,97,31931,31,23
14,95,29663,30,23
21,60,21693,52,22
35,91,29716,17,23
14,96,27907,48,23
40,176,49291,62,17
6,15,6087,12,7
14,32,12131,44,19
35,91,29995,56,23
47,171,45919,19,4
20,44,17499,30,21
35,92,28334,49,23
35,92,29456,49,23
0,0,688,43,6
40,179,49673,3,17
9,23,10142,42,7
16,134,33567,46,12
46,166,43986,34,16
12,30,12085,6,19
10,24,6657,79,7
22,122,32676,14,0
33,85,26641,10,11
46,165,43529,12,16
16,35,15896,38,8
42,158,43116,14,16
26,64,23993,90,22
46,168,43489,49,16
47,171,46608,33,4
0,1,238,0,6
10,144,35929,30,12
40,179,50785,48,17
40,181,50408,86,17
39,104,27990,73,23
7,18,8281,91,7
26,63,21377,32,22
2,8,4087,31,18
37,97,29073,2,23
14,95,31830,64,23
16,138,33818,30,12
31,79,27524,10,11
2,173,47987,32,17
0,0,180,51,6
1,4,3477,81,18
41,155,40961,12,16
24,58,18333,6,21
10,142,35755,30,12
3,9,2204,82,18
46,166,43713,10,16
21,48,18490,28,21
26,67,23642,31,22
4,11,5537,31,18
16,135,33560,55,12
16,138,33428,31,12
2,69,24898,27,22
49,182,50604,7,17
4,12,5324,29,18
22,129,32846,98,0
9,22,7210,91,7
16,135,33334,52,12
12,30,11623,51,19
2,8,4857,34,18
11,28,8960,55,7
37,100,28591,43,23
6,148,38605,51,15
2,175,49650,53,17
20,46,18550,49,21
47,171,46095,52,4
28,72,23806,46,22
10,144,35192,13,12
47,171,47010,12,4
37,99,29232,4,23
7,19,8800,69,7
14,32,12427,48,19
10,140,34603,49,12
12,34,15426,32,8
16,138,33366,26,12
31,80,26948,30,11
3,10,4341,70,18
45,164,44148,50,16
7,18,8176,97,7
23,57,17246,25,21
0,3,1348,10,6
22,133,33223,28,0
18,37,16747,13,9
22,55,33062,43,0
22,53,19528,25,21
21,51,18748,70,21
15,33,12286,9,19
8,20,9073,28,7
22,52,20553,55,21
26,65,22916,50,22
28,73,24955,29,22
45,163,43979,17,16
35,90,29902,59,23
27,71,22450,4,22
4,12,37802,55,13
26,64,23716,53,22
20,45,18587,32,21
45,163,44499,12,16
5,13,3451,10,18
0,151,40345,15,15
22,52,32676,13,0
10,25,8438,31,7
24,58,19500,32,21
11,152,39910,9,15
2,175,47804,33,17
32,84,27386,70,11
40,180,50471,20,17
14,32,12562,32,19
22,52,21058,52,21
39,104,28892,31,23
39,103,32027,41,23
21,48,19805,9,21
37,97,31386,2,23
44,161,40990,50,16
1,6,3831,31,18
34,87,27770,9,23
26,62,21425,11,22
7,17,8472,28,7
22,54,33079,48,0
40,176,49042,71,17
0,0,539,29,6
22,53,17461,34,21
30,77,24873,32,22
14,95,29845,13,23
10,25,5914,31,7
21,47,18097,99,21
16,134,34811,30,12
22,54,18155,48,21
29,75,25253,22,22
23,57,20675,54,21
20,44,17552,46,21
13,31,11865,16,19
0,1,40449,52,15
22,55,18032,86,21
16,136,34613,46,12
44,161,41473,100,16
25,59,18818,25,21
2,70,24974,32,22
10,141,35380,22,12
11,152,40815,48,15
22,55,17303,42,21
0,2,700,48,6
41,155,42680,49,16
16,135,34444,31,12
4,11,37655,89,13
11,28,6553,7,7
22,55,19260,32,21
22,127,32237,40,0
26,65,22078,43,22
21,50,20136,39,21
0,3,1667,28,6
9,21,6686,51,7
17,36,14817,47,8
9,21,9646,30,7
4,12,3278,12,18
25,59,18112,9,21
16,139,33644,49,12
6,148,38561,71,15
22,129,32726,45,0
16,138,34005,48,12
0,151,40873,39,15
16,134,33775,12,12
40,146,38328,34,13
40,178,50910,28,17
26,65,22061,51,22
28,72,23105,48,22
31,80,25701,13,11
21,47,20222,31,21
11,28,9334,51,7
11,29,8277,30,7
10,26,8336,41,7
2,175,47605,8,17
26,67,23227,10,22
42,158,41159,46,16
22,122,32642,51,0
10,141,33376,10,12
31,80,26338,33,11
4,12,36872,52,13
4,12,37711,48,13
40,180,50691,29,17
2,174,47540,31,17
1,4,2789,31,18
47,171,46034,4,4
10,27,8530,29,7
22,55,19543,29,21
6,16,5649,32,7
40,178,49562,35,17
22,131,32612,76,0
20,44,18758,79,21
21,60,22613,43,22
10,26,9868,47,7
14,96,31994,10,23
10,145,35621,35,12
1,5,2321,49,18
0,2,675,10,6
22,113,32682,67,0
21,47,17139,30,21
44,161,41056,32,16
22,54,20683,90,21
26,62,23846,30,22
16,139,34340,10,12
3,9,4695,45,18
33,85,26980,69,11
12,34,13612,48,8
7,18,8227,88,7
3,10,5164,100,18
10,144,35664,70,12
26,65,23540,37,22
32,82,26793,32,11
26,61,24062,12,22
45,163,43805,32,16
48,172,48890,4,17
0,3,521,12,6
16,135,34575,31,12
40,146,37764,10,13
6,149,39585,29,15
10,145,35592,11,12
38,102,28298,7,23
22,128,33204,36,0
21,22,19986,30,21